/*
Navicat MySQL Data Transfer

Source Server         : 滴滴云
Source Server Version : 50562
Source Host           : 116.85.50.245:3323
Source Database       : dingdong

Target Server Type    : MYSQL
Target Server Version : 50562
File Encoding         : 65001

Date: 2020-03-01 23:05:15
*/

SET FOREIGN_KEY_CHECKS=0;

-- ----------------------------
-- Table structure for goods
-- ----------------------------
DROP TABLE IF EXISTS `goods`;
CREATE TABLE `goods` (
  `id` int(10) unsigned NOT NULL AUTO_INCREMENT,
  `name` varchar(255) DEFAULT NULL COMMENT '商品名称',
  `bewrite` varchar(255) DEFAULT NULL COMMENT '商品描述',
  `price` decimal(10,2) DEFAULT NULL COMMENT '当前价',
  `vip_price` decimal(10,2) DEFAULT '0.00' COMMENT '会员价',
  `sort_id` int(10) DEFAULT NULL COMMENT '所属分类',
  `carousel` text COMMENT '轮播图',
  `propaganda` text COMMENT '宣传图',
  `shows` tinyint(10) DEFAULT NULL COMMENT '1 上线 0: 下线',
  `weight` varchar(255) DEFAULT NULL COMMENT '净含量',
  `conditions` varchar(255) DEFAULT NULL COMMENT '保存条件',
  `shelf_life` varchar(255) DEFAULT NULL COMMENT '保质期',
  `removes` tinyint(10) DEFAULT '1' COMMENT '1: 正常 0: 删除',
  `create_time` datetime DEFAULT NULL COMMENT '创建时间',
  `updata_time` timestamp NOT NULL DEFAULT CURRENT_TIMESTAMP ON UPDATE CURRENT_TIMESTAMP COMMENT '更新时间',
  `user_id` int(10) DEFAULT NULL COMMENT '操作人用户ID',
  `buy` tinyint(10) DEFAULT '0' COMMENT '1 抢购商品  0  普通商品',
  `one_live` tinyint(10) DEFAULT '0' COMMENT '1 首页猜你喜欢   0 普通商品',
  `car` tinyint(10) DEFAULT '0' COMMENT '1 购物车 猜你喜欢  0 普通商品',
  PRIMARY KEY (`id`)
) ENGINE=InnoDB AUTO_INCREMENT=74 DEFAULT CHARSET=utf8;

-- ----------------------------
-- Records of goods
-- ----------------------------
INSERT INTO `goods` VALUES ('1', '金针菇 150g', '凉拌炖汤 家常小菜怎能少了它', '0.99', '0.69', '15', '[{\"url\":\"http://img.nodebook.top/2020_02_27_04_18_1243876image/jpeg\",\"name\":\"e8d50834520071544616778931.jpg\",\"uid\":\"rc-upload-1582790705190-15\",\"status\":\"done\"}]', '[{\"url\":\"http://img.nodebook.top/2020_02_27_04_18_1663786image/jpeg\",\"name\":\"e8d50834520071544616778931.jpg\",\"uid\":\"rc-upload-1582790705190-17\",\"status\":\"done\"}]', '1', '500g', '常温', '15天', '1', '2020-01-08 15:54:13', '2020-02-27 21:32:22', '15', '0', '1', '0');
INSERT INTO `goods` VALUES ('2', '毛豆（带壳） 400g', '偏爱毛豆的人都是高颜值啊', '5.90', '0.00', '15', '[{\"url\":\"http://img.nodebook.top/2020_02_27_04_10_5295766image/jpeg\",\"name\":\"bce59cee11d0f1545274155739.jpg\",\"uid\":\"rc-upload-1582790705190-9\",\"status\":\"done\"}]', '[{\"url\":\"http://img.nodebook.top/2020_02_27_04_10_5654322image/jpeg\",\"name\":\"bce59cee11d0f1545274155739.jpg\",\"uid\":\"rc-upload-1582790705190-11\",\"status\":\"done\"}]', '1', '1000g', '冷藏', '15天', '1', '2020-01-07 18:42:44', '2020-02-27 21:27:13', '15', '0', '0', '0');
INSERT INTO `goods` VALUES ('3', '茄子（精选） 约550g', '当季茄子有籽属于正常现象 并非品质问题哦~', '5.90', '0.00', '15', '[{\"url\":\"http://img.nodebook.top/2020_02_27_04_20_0025320image/jpeg\",\"name\":\"3573d0b4d84e61544612297981.jpg\",\"uid\":\"rc-upload-1582790705190-21\",\"status\":\"done\"}]', '[{\"url\":\"http://img.nodebook.top/2020_02_27_04_20_0296858image/jpeg\",\"name\":\"3573d0b4d84e61544612297981.jpg\",\"uid\":\"rc-upload-1582790705190-23\",\"status\":\"done\"}]', '1', '10000g', '冷藏', '15天', '1', '2020-02-27 16:20:27', '2020-02-27 21:32:09', '15', '1', '0', '0');
INSERT INTO `goods` VALUES ('4', '苦瓜 约550g', '小仙女夏日必吃 高颜值的秘密', '6.90', '0.00', '15', '[{\"url\":\"http://img.nodebook.top/2020_02_27_04_21_3776057image/jpeg\",\"name\":\"4186091b396f1545274129450.jpg\",\"uid\":\"rc-upload-1582790705190-25\",\"status\":\"done\"}]', '[{\"url\":\"http://img.nodebook.top/2020_02_27_04_21_4084824image/jpeg\",\"name\":\"4186091b396f1545274129450.jpg\",\"uid\":\"rc-upload-1582790705190-27\",\"status\":\"done\"}]', '1', '880g', '冷藏', '15天', '1', '2020-02-27 16:22:00', '2020-02-27 21:27:15', '15', '0', '0', '0');
INSERT INTO `goods` VALUES ('5', '水果黄瓜 约400g', '小个头大营养 不爱吃甜水果就吃我吧~', '8.80', '0.00', '15', '[{\"url\":\"http://img.nodebook.top/2020_02_27_04_22_5611088image/jpeg\",\"name\":\"a563dd7af73991545281529064.jpg\",\"uid\":\"rc-upload-1582790705190-29\",\"status\":\"done\"}]', '[{\"url\":\"http://img.nodebook.top/2020_02_27_04_22_5856229image/jpeg\",\"name\":\"a563dd7af73991545281529064.jpg\",\"uid\":\"rc-upload-1582790705190-31\",\"status\":\"done\"}]', '1', '1200g', '冷藏', '10天', '1', '2020-02-27 16:23:14', '2020-02-27 21:30:18', '15', '0', '0', '1');
INSERT INTO `goods` VALUES ('6', '清美盐卤五香干 120g/袋', '新老包装交替中 皖北风味~', '2.90', '0.00', '19', '[{\"url\":\"http://img.nodebook.top/2020_02_27_04_25_1149095image/jpeg\",\"name\":\"0ee98edc76e5c1539672112924.jpg\",\"uid\":\"rc-upload-1582790705190-35\",\"status\":\"done\"}]', '[{\"url\":\"http://img.nodebook.top/2020_02_27_04_25_1496548image/jpeg\",\"name\":\"0ee98edc76e5c1539672112924.jpg\",\"uid\":\"rc-upload-1582790705190-37\",\"status\":\"done\"}]', '1', '15g', '冷藏', '3个月', '1', '2020-02-27 16:25:43', '2020-02-27 21:32:26', '15', '0', '1', '0');
INSERT INTO `goods` VALUES ('7', '清美香浓豆浆 1L/瓶', '喝完一瓶还想再来一瓶 香浓醇厚', '11.80', '0.00', '19', '[{\"url\":\"http://img.nodebook.top/2020_02_27_04_26_4764602image/gif\",\"name\":\"c6dd8341a8cc61559316360135.gif\",\"uid\":\"rc-upload-1582790705190-39\",\"status\":\"done\"}]', '[{\"url\":\"http://img.nodebook.top/2020_02_27_04_26_5031836image/gif\",\"name\":\"c6dd8341a8cc61559316360135.gif\",\"uid\":\"rc-upload-1582790705190-41\",\"status\":\"done\"}]', '1', '500ml', '冷藏', '三天', '1', '2020-02-27 16:27:19', '2020-02-27 21:27:17', '15', '1', '0', '0');
INSERT INTO `goods` VALUES ('8', '清美水晶冰爽 230g/杯', '薄荷味果冻 冰凉滑进你心~', '2.50', '0.00', '19', '[{\"url\":\"http://img.nodebook.top/2020_02_27_04_28_0825917image/jpeg\",\"name\":\"b2ebee1b48f791557990736871.jpg\",\"uid\":\"rc-upload-1582790705190-43\",\"status\":\"done\"}]', '[{\"url\":\"http://img.nodebook.top/2020_02_27_04_28_105536image/jpeg\",\"name\":\"b2ebee1b48f791557990736871.jpg\",\"uid\":\"rc-upload-1582790705190-45\",\"status\":\"done\"}]', '1', '300g', '冷藏', '10天', '1', '2020-02-27 16:28:28', '2020-02-27 21:27:20', '15', '1', '0', '0');
INSERT INTO `goods` VALUES ('9', '旭洋麻腐 350g/盒', '消暑必备凉粉 筋软光滑 ~', '4.90', '0.00', '19', '[{\"url\":\"http://img.nodebook.top/2020_02_27_04_29_4211405image/jpeg\",\"name\":\"8ec72ba61440e1556005733755.jpg\",\"uid\":\"rc-upload-1582790705190-47\",\"status\":\"done\"}]', '[{\"url\":\"http://img.nodebook.top/2020_02_27_04_29_4424203image/jpeg\",\"name\":\"8ec72ba61440e1556005733755.jpg\",\"uid\":\"rc-upload-1582790705190-49\",\"status\":\"done\"}]', '1', '350g', '冷藏', '十天', '1', '2020-02-27 16:30:01', '2020-02-27 21:30:22', '15', '1', '0', '1');
INSERT INTO `goods` VALUES ('10', '汉康绿豆粉皮 220g/袋', '滋溜 在口中滑出新滋味', '5.90', '0.00', '19', '[{\"url\":\"http://img.nodebook.top/2020_02_27_04_30_5510911image/jpeg\",\"name\":\"447ae17ac62541526989032501.jpg\",\"uid\":\"rc-upload-1582790705190-51\",\"status\":\"done\"}]', '[{\"url\":\"http://img.nodebook.top/2020_02_27_04_30_5773165image/jpeg\",\"name\":\"447ae17ac62541526989032501.jpg\",\"uid\":\"rc-upload-1582790705190-53\",\"status\":\"done\"}]', '1', '700g', '冷藏', '六个月', '1', '2020-02-27 16:31:32', '2020-02-27 21:27:22', '15', '0', '0', '0');
INSERT INTO `goods` VALUES ('11', '陕西大荔冬枣 约400g', '树上长的“蜜罐子”~', '17.90', '0.00', '13', '[{\"url\":\"http://img.nodebook.top/2020_02_27_07_50_5845421image/jpeg\",\"name\":\"ea681aefceab21561515788322.jpg\",\"uid\":\"rc-upload-1582804236014-3\",\"status\":\"done\"}]', '[{\"url\":\"http://img.nodebook.top/2020_02_27_07_51_0157481image/jpeg\",\"name\":\"ea681aefceab21561515788322.jpg\",\"uid\":\"rc-upload-1582804236014-5\",\"status\":\"done\"}]', '1', '10Kg', '冷藏', '三个月', '1', '2020-02-27 19:51:19', '2020-02-27 19:51:18', '15', '0', '0', '0');
INSERT INTO `goods` VALUES ('12', '巨峰葡萄 500g', '酸甜味浓 皮薄易撕~', '12.90', '0.00', '13', '[{\"url\":\"http://img.nodebook.top/2020_02_27_07_52_1382937image/jpeg\",\"name\":\"5bd9029dde0521562823441339.jpg\",\"uid\":\"rc-upload-1582804236014-7\",\"status\":\"done\"}]', '[{\"url\":\"http://img.nodebook.top/2020_02_27_07_52_1630603image/jpeg\",\"name\":\"5bd9029dde0521562823441339.jpg\",\"uid\":\"rc-upload-1582804236014-9\",\"status\":\"done\"}]', '1', '1kg', '冷藏', '10天', '1', '2020-02-27 19:52:34', '2020-02-27 21:30:04', '15', '0', '1', '0');
INSERT INTO `goods` VALUES ('13', '玉荷包荔枝 400g', '晚熟的荔枝 更香甜', '17.90', '0.00', '13', '[{\"url\":\"http://img.nodebook.top/2020_02_27_07_53_1894769image/jpeg\",\"name\":\"f3d78a4cc556d1562932332763.jpg\",\"uid\":\"rc-upload-1582804236014-11\",\"status\":\"done\"}]', '[{\"url\":\"http://img.nodebook.top/2020_02_27_07_53_2055549image/jpeg\",\"name\":\"f3d78a4cc556d1562932332763.jpg\",\"uid\":\"rc-upload-1582804236014-13\",\"status\":\"done\"}]', '1', '1.2kg', '冷藏', '15天', '1', '2020-02-27 19:53:39', '2020-02-27 21:30:03', '15', '0', '0', '0');
INSERT INTO `goods` VALUES ('14', '阳光玫瑰葡萄 约350g', '被阳光亲吻过的葡萄～', '29.90', '0.00', '13', '[{\"url\":\"http://img.nodebook.top/2020_02_27_07_54_2649531image/jpeg\",\"name\":\"9ba3789baac561561994711837.JPG\",\"uid\":\"rc-upload-1582804236014-15\",\"status\":\"done\"}]', '[{\"url\":\"http://img.nodebook.top/2020_02_27_07_54_297401image/jpeg\",\"name\":\"9ba3789baac561561994711837.JPG\",\"uid\":\"rc-upload-1582804236014-17\",\"status\":\"done\"}]', '1', '1.5kg', '冷藏', '18天', '1', '2020-02-27 19:54:46', '2020-02-27 21:32:37', '15', '0', '1', '0');
INSERT INTO `goods` VALUES ('15', '无锡阳山水蜜桃2个 500g以上', '火山灰养肥肥的软桃 吃完手指都香', '12.90', '0.00', '13', '[{\"url\":\"http://img.nodebook.top/2020_02_27_07_56_1029737image/jpeg\",\"name\":\"6b62c5b7c14ec1561014559865.jpg\",\"uid\":\"rc-upload-1582804236014-19\",\"status\":\"done\"}]', '[{\"url\":\"http://img.nodebook.top/2020_02_27_07_56_1236673image/jpeg\",\"name\":\"6b62c5b7c14ec1561014559865.jpg\",\"uid\":\"rc-upload-1582804236014-21\",\"status\":\"done\"}]', '1', '1.8kg', '冷藏', '15天', '1', '2020-02-27 19:56:32', '2020-02-27 21:32:34', '15', '0', '1', '1');
INSERT INTO `goods` VALUES ('16', '泰国进口超甜龙眼 500g', '色泽晶莹 柔软细嫩', '10.90', '0.00', '13', '[{\"url\":\"http://img.nodebook.top/2020_02_27_07_57_2516520image/jpeg\",\"name\":\"de02c34be37991544521921435.jpg\",\"uid\":\"rc-upload-1582804236014-23\",\"status\":\"done\"}]', '[{\"url\":\"http://img.nodebook.top/2020_02_27_07_57_2790770image/jpeg\",\"name\":\"de02c34be37991544521921435.jpg\",\"uid\":\"rc-upload-1582804236014-25\",\"status\":\"done\"}]', '1', '1800g', '冷藏', '16天', '1', '2020-02-27 19:57:51', '2020-02-27 21:32:33', '15', '0', '1', '0');
INSERT INTO `goods` VALUES ('17', '翠冠梨2个 约600g', '咬一口 脆甜多汁~', '8.90', '0.00', '13', '[{\"url\":\"http://img.nodebook.top/2020_02_27_08_07_3576177image/jpeg\",\"name\":\"284656b11e13d1562326504292.jpg\",\"uid\":\"rc-upload-1582804236014-27\",\"status\":\"done\"}]', '[{\"url\":\"http://img.nodebook.top/2020_02_27_08_07_385601image/jpeg\",\"name\":\"284656b11e13d1562326504292.jpg\",\"uid\":\"rc-upload-1582804236014-29\",\"status\":\"done\"}]', '1', '1000g', '冷藏', '30天', '1', '2020-02-27 20:08:02', '2020-02-27 21:30:10', '15', '0', '0', '0');
INSERT INTO `goods` VALUES ('18', '翠冠梨2个 约600g', '咬一口 脆甜多汁~', '8.90', '0.00', '13', '[{\"url\":\"http://img.nodebook.top/2020_02_27_08_07_3576177image/jpeg\",\"name\":\"284656b11e13d1562326504292.jpg\",\"uid\":\"rc-upload-1582804236014-27\",\"status\":\"done\"}]', '[{\"url\":\"http://img.nodebook.top/2020_02_27_08_07_385601image/jpeg\",\"name\":\"284656b11e13d1562326504292.jpg\",\"uid\":\"rc-upload-1582804236014-29\",\"status\":\"done\"}]', '1', '1000g', '冷藏', '30天', '1', '2020-02-27 20:07:53', '2020-02-27 21:30:11', '15', '0', '0', '0');
INSERT INTO `goods` VALUES ('19', '翠冠梨2个 约600g', '咬一口 脆甜多汁~', '8.90', '0.00', '13', '[{\"url\":\"http://img.nodebook.top/2020_02_27_08_07_3576177image/jpeg\",\"name\":\"284656b11e13d1562326504292.jpg\",\"uid\":\"rc-upload-1582804236014-27\",\"status\":\"done\"}]', '[{\"url\":\"http://img.nodebook.top/2020_02_27_08_07_385601image/jpeg\",\"name\":\"284656b11e13d1562326504292.jpg\",\"uid\":\"rc-upload-1582804236014-29\",\"status\":\"done\"}]', '1', '1000g', '冷藏', '30天', '1', '2020-02-27 20:07:58', '2020-02-27 21:30:12', '15', '0', '0', '0');
INSERT INTO `goods` VALUES ('20', '湘佳黄油母鸡（半只） 500g', '生态功能区的“小山鸡”（剁好）', '34.90', '0.00', '16', '[{\"url\":\"http://img.nodebook.top/2020_02_27_08_09_008140image/jpeg\",\"name\":\"738d2bb70f6a81564293006495.jpg\",\"uid\":\"rc-upload-1582804236014-31\",\"status\":\"done\"}]', '[{\"url\":\"http://img.nodebook.top/2020_02_27_08_09_0340673image/jpeg\",\"name\":\"738d2bb70f6a81564293006495.jpg\",\"uid\":\"rc-upload-1582804236014-33\",\"status\":\"done\"}]', '1', '1.5Kg', '冷藏', '三天', '1', '2020-02-27 20:09:25', '2020-02-27 21:30:13', '15', '0', '0', '0');
INSERT INTO `goods` VALUES ('21', '膳博士黑猪冷鲜猪汤骨块 500g', '美丽牧场 科技养殖 猪肉清香不腥膻', '28.90', '0.00', '16', '[{\"url\":\"http://img.nodebook.top/2020_02_27_08_10_1134621image/jpeg\",\"name\":\"a049ef338019b1562325637501.jpg\",\"uid\":\"rc-upload-1582804236014-35\",\"status\":\"done\"}]', '[{\"url\":\"http://img.nodebook.top/2020_02_27_08_10_1457310image/jpeg\",\"name\":\"a049ef338019b1562325637501.jpg\",\"uid\":\"rc-upload-1582804236014-37\",\"status\":\"done\"}]', '1', '2.0kg', '冷藏', '三天', '1', '2020-02-27 20:10:30', '2020-02-27 21:29:48', '15', '0', '0', '0');
INSERT INTO `goods` VALUES ('22', '松林冷鲜排骨粒 400g', '富含肌肉纤维', '38.80', '0.00', '16', '[{\"url\":\"http://img.nodebook.top/2020_02_27_08_14_1390118image/jpeg\",\"name\":\"7859faa4c3fde1564292283134.jpg\",\"uid\":\"rc-upload-1582804236014-39\",\"status\":\"done\"}]', '[{\"url\":\"http://img.nodebook.top/2020_02_27_08_14_1620474image/jpeg\",\"name\":\"7859faa4c3fde1564292283134.jpg\",\"uid\":\"rc-upload-1582804236014-41\",\"status\":\"done\"}]', '1', '500g', '冷藏', '五天', '1', '2020-02-27 20:14:47', '2020-02-27 21:29:49', '15', '0', '0', '0');
INSERT INTO `goods` VALUES ('23', '松林冷鲜排骨粒 400g', '富含肌肉纤维', '38.80', '0.00', '16', '[{\"url\":\"http://img.nodebook.top/2020_02_27_08_14_1390118image/jpeg\",\"name\":\"7859faa4c3fde1564292283134.jpg\",\"uid\":\"rc-upload-1582804236014-39\",\"status\":\"done\"}]', '[{\"url\":\"http://img.nodebook.top/2020_02_27_08_14_1620474image/jpeg\",\"name\":\"7859faa4c3fde1564292283134.jpg\",\"uid\":\"rc-upload-1582804236014-41\",\"status\":\"done\"}]', '1', '500g', '冷藏', '五天', '1', '2020-02-27 20:14:38', '2020-02-27 21:29:50', '15', '0', '0', '0');
INSERT INTO `goods` VALUES ('24', '松林冷鲜排骨粒 400g', '富含肌肉纤维', '38.80', '0.00', '16', '[{\"url\":\"http://img.nodebook.top/2020_02_27_08_14_1390118image/jpeg\",\"name\":\"7859faa4c3fde1564292283134.jpg\",\"uid\":\"rc-upload-1582804236014-39\",\"status\":\"done\"}]', '[{\"url\":\"http://img.nodebook.top/2020_02_27_08_14_1620474image/jpeg\",\"name\":\"7859faa4c3fde1564292283134.jpg\",\"uid\":\"rc-upload-1582804236014-41\",\"status\":\"done\"}]', '1', '500g', '冷藏', '五天', '1', '2020-02-27 20:14:43', '2020-02-27 21:29:50', '15', '0', '0', '0');
INSERT INTO `goods` VALUES ('25', '爱森五花肉 500g', '高端五花肉 吃出幸福的滋味', '46.90', '0.00', '16', '[{\"url\":\"http://img.nodebook.top/2020_02_27_08_15_3522343image/jpeg\",\"name\":\"4513b9fc5935f1548406258985.jpg\",\"uid\":\"rc-upload-1582805690469-3\",\"status\":\"done\"}]', '[{\"url\":\"http://img.nodebook.top/2020_02_27_08_15_3830880image/jpeg\",\"name\":\"4513b9fc5935f1548406258985.jpg\",\"uid\":\"rc-upload-1582805690469-5\",\"status\":\"done\"}]', '1', '350g', '冷藏', '五天', '1', '2020-02-27 20:15:52', '2020-02-27 21:32:44', '15', '1', '1', '0');
INSERT INTO `goods` VALUES ('26', '苏食农场猪无颈前排 300g', '肉质鲜嫩 自然生长 健康饲养（新老包装随机发货）', '20.90', '0.00', '16', '[{\"url\":\"http://img.nodebook.top/2020_02_27_08_16_4233510image/jpeg\",\"name\":\"05cddd7245d781564362343444.jpg\",\"uid\":\"rc-upload-1582805690469-7\",\"status\":\"done\"}]', '[{\"url\":\"http://img.nodebook.top/2020_02_27_08_16_4521649image/jpeg\",\"name\":\"05cddd7245d781564362343444.jpg\",\"uid\":\"rc-upload-1582805690469-9\",\"status\":\"done\"}]', '1', '600g', '冷藏', '三天', '1', '2020-02-27 20:16:59', '2020-02-27 21:29:55', '15', '0', '0', '0');
INSERT INTO `goods` VALUES ('27', '鲜活鲫鱼1条 350g以上', '奶白奶白的鲫鱼豆腐汤你会做吗？（宰杀前重量为350g以上）', '9.90', '0.00', '17', '[{\"url\":\"http://img.nodebook.top/2020_02_27_08_20_4122370image/jpeg\",\"name\":\"318fa0d1b53bc1544517303952.jpg\",\"uid\":\"rc-upload-1582805690469-11\",\"status\":\"done\"}]', '[{\"url\":\"http://img.nodebook.top/2020_02_27_08_20_4485416image/jpeg\",\"name\":\"318fa0d1b53bc1544517303952.jpg\",\"uid\":\"rc-upload-1582805690469-13\",\"status\":\"done\"}]', '1', '2000g', '水产养殖', '1月', '1', '2020-02-27 20:21:21', '2020-02-27 21:29:55', '15', '0', '0', '0');
INSERT INTO `goods` VALUES ('28', '鲜活鲫鱼1条 350g以上', '奶白奶白的鲫鱼豆腐汤你会做吗？（宰杀前重量为350g以上）', '9.90', '0.00', '17', '[{\"url\":\"http://img.nodebook.top/2020_02_27_08_20_4122370image/jpeg\",\"name\":\"318fa0d1b53bc1544517303952.jpg\",\"uid\":\"rc-upload-1582805690469-11\",\"status\":\"done\"}]', '[{\"url\":\"http://img.nodebook.top/2020_02_27_08_20_4485416image/jpeg\",\"name\":\"318fa0d1b53bc1544517303952.jpg\",\"uid\":\"rc-upload-1582805690469-13\",\"status\":\"done\"}]', '1', '2000g', '水产养殖', '1月', '1', '2020-02-27 20:21:32', '2020-02-27 21:29:56', '15', '0', '0', '0');
INSERT INTO `goods` VALUES ('29', '鲜活鲫鱼1条 350g以上', '奶白奶白的鲫鱼豆腐汤你会做吗？（宰杀前重量为350g以上）', '9.90', '0.00', '17', '[{\"url\":\"http://img.nodebook.top/2020_02_27_08_20_4122370image/jpeg\",\"name\":\"318fa0d1b53bc1544517303952.jpg\",\"uid\":\"rc-upload-1582805690469-11\",\"status\":\"done\"}]', '[{\"url\":\"http://img.nodebook.top/2020_02_27_08_20_4485416image/jpeg\",\"name\":\"318fa0d1b53bc1544517303952.jpg\",\"uid\":\"rc-upload-1582805690469-13\",\"status\":\"done\"}]', '1', '2000g', '水产养殖', '1月', '1', '2020-02-27 20:21:26', '2020-02-27 21:29:57', '15', '0', '0', '0');
INSERT INTO `goods` VALUES ('30', '鲜活基围虾 350g', '精挑细选大个头 到家活蹦乱跳哒~', '33.90', '0.00', '17', '[{\"url\":\"http://img.nodebook.top/2020_02_27_08_22_5298191image/jpeg\",\"name\":\"aba793c26fe751544415551443.jpg\",\"uid\":\"rc-upload-1582806094692-3\",\"status\":\"done\"}]', '[{\"url\":\"http://img.nodebook.top/2020_02_27_08_22_547138image/jpeg\",\"name\":\"aba793c26fe751544415551443.jpg\",\"uid\":\"rc-upload-1582806094692-5\",\"status\":\"done\"}]', '1', '300g', '冷藏', '十天', '1', '2020-02-27 20:23:09', '2020-02-27 21:29:58', '15', '0', '0', '0');
INSERT INTO `goods` VALUES ('31', '【毛蟹炒毛豆组合】鲜活六月黄大闸蟹2只+带壳毛豆 400g', '尝的就是这份鲜~六月黄单只规格65g以上', '35.80', '0.00', '17', '[{\"url\":\"http://img.nodebook.top/2020_02_27_08_23_513108image/jpeg\",\"name\":\"11f23141719be1561019963492.jpg\",\"uid\":\"rc-upload-1582806094692-7\",\"status\":\"done\"}]', '[{\"url\":\"http://img.nodebook.top/2020_02_27_08_23_5367084image/jpeg\",\"name\":\"11f23141719be1561019963492.jpg\",\"uid\":\"rc-upload-1582806094692-9\",\"status\":\"done\"}]', '1', '1000g', '冷藏', '十天', '1', '2020-02-27 20:24:07', '2020-02-27 21:31:05', '15', '1', '0', '1');
INSERT INTO `goods` VALUES ('32', '加费尔德冷冻青虾仁 250g', '虾中臻品 Q弹紧致', '28.80', '0.00', '17', '[{\"url\":\"http://img.nodebook.top/2020_02_27_08_25_0696070image/jpeg\",\"name\":\"6ffb854fc8fda1548472432748.jpg\",\"uid\":\"rc-upload-1582806094692-11\",\"status\":\"done\"}]', '[{\"url\":\"http://img.nodebook.top/2020_02_27_08_25_0833226image/jpeg\",\"name\":\"6ffb854fc8fda1548472432748.jpg\",\"uid\":\"rc-upload-1582806094692-13\",\"status\":\"done\"}]', '1', '800g', '冷藏', '7天', '1', '2020-02-27 20:25:34', '2020-02-27 21:29:42', '15', '1', '0', '0');
INSERT INTO `goods` VALUES ('33', '海水来了舟山精选冷冻带鱼段 500g', '鲜而不腥 营养美味', '24.90', '0.00', '17', '[{\"url\":\"http://img.nodebook.top/2020_02_27_08_26_25742image/jpeg\",\"name\":\"35d948482f041548487871815.jpg\",\"uid\":\"rc-upload-1582806094692-15\",\"status\":\"done\"}]', '[{\"url\":\"http://img.nodebook.top/2020_02_27_08_26_2727528image/jpeg\",\"name\":\"35d948482f041548487871815.jpg\",\"uid\":\"rc-upload-1582806094692-17\",\"status\":\"done\"}]', '1', '2000g', '冷藏', '15天', '1', '2020-02-27 20:26:45', '2020-02-27 21:29:36', '15', '0', '0', '0');
INSERT INTO `goods` VALUES ('34', '明治醇壹牛乳 950ml/盒', '严选奶源 新老包装更换中~', '24.90', '0.00', '18', '[{\"url\":\"http://img.nodebook.top/2020_02_27_08_27_382665image/jpeg\",\"name\":\"f8e64fc23a0f21565760869984.jpg\",\"uid\":\"rc-upload-1582806094692-19\",\"status\":\"done\"}]', '[{\"url\":\"http://img.nodebook.top/2020_02_27_08_27_42197image/jpeg\",\"name\":\"f8e64fc23a0f21565760869984.jpg\",\"uid\":\"rc-upload-1582806094692-21\",\"status\":\"done\"}]', '1', '500ml', '冷藏', '一个月', '1', '2020-02-27 20:27:59', '2020-02-27 21:29:35', '15', '0', '0', '0');
INSERT INTO `goods` VALUES ('35', '光明如实无添加酸奶三联杯 135g*3杯', '只有牛奶和发酵菌种 纯净至真', '23.90', '0.00', '18', '[{\"url\":\"http://img.nodebook.top/2020_02_27_08_28_4965732image/jpeg\",\"name\":\"f9a0da50437071565760502696.jpg\",\"uid\":\"rc-upload-1582806094692-23\",\"status\":\"done\"}]', '[{\"url\":\"http://img.nodebook.top/2020_02_27_08_28_5164275image/jpeg\",\"name\":\"f9a0da50437071565760502696.jpg\",\"uid\":\"rc-upload-1582806094692-25\",\"status\":\"done\"}]', '1', '500ml', '冷藏', '两个月', '1', '2020-02-27 20:29:12', '2020-02-27 21:32:49', '15', '0', '1', '0');
INSERT INTO `goods` VALUES ('36', '现代牧场鲜牛奶 960ml/瓶', '新老包装混发', '15.90', '0.00', '18', '[{\"url\":\"http://img.nodebook.top/2020_02_27_08_29_4988087image/jpeg\",\"name\":\"2528fa7d48eb31565761427630.jpg\",\"uid\":\"rc-upload-1582806094692-27\",\"status\":\"done\"}]', '[{\"url\":\"http://img.nodebook.top/2020_02_27_08_29_5196129image/jpeg\",\"name\":\"2528fa7d48eb31565761427630.jpg\",\"uid\":\"rc-upload-1582806094692-29\",\"status\":\"done\"}]', '1', '600ml', '冷藏', '15天', '1', '2020-02-27 20:30:06', '2020-02-27 21:32:54', '15', '0', '1', '1');
INSERT INTO `goods` VALUES ('37', '蒙牛真巴氏鲜牛奶 180ml/包', '巴氏杀菌 袋装鲜乳', '3.50', '0.00', '18', '[{\"url\":\"http://img.nodebook.top/2020_02_27_08_30_4313506image/jpeg\",\"name\":\"84a4d2db788191565761411461.jpg\",\"uid\":\"rc-upload-1582806094692-31\",\"status\":\"done\"}]', '[{\"url\":\"http://img.nodebook.top/2020_02_27_08_30_4537509image/jpeg\",\"name\":\"84a4d2db788191565761411461.jpg\",\"uid\":\"rc-upload-1582806094692-33\",\"status\":\"done\"}]', '1', '300ml', '冷藏', '10天', '1', '2020-02-27 20:31:02', '2020-02-27 21:29:30', '15', '0', '0', '0');
INSERT INTO `goods` VALUES ('38', '纯享半熟芝士 128g/杯', '半熟状态的芝士融合细腻纯香的酸奶，一口倾心~', '8.80', '0.00', '18', '[{\"url\":\"http://img.nodebook.top/2020_02_27_08_31_4569121image/jpeg\",\"name\":\"9b5cce7d47e6a1567389027991.jpg\",\"uid\":\"rc-upload-1582806094692-35\",\"status\":\"done\"}]', '[{\"url\":\"http://img.nodebook.top/2020_02_27_08_31_4755605image/jpeg\",\"name\":\"9b5cce7d47e6a1567389027991.jpg\",\"uid\":\"rc-upload-1582806094692-37\",\"status\":\"done\"}]', '1', '450ml', '冷藏', '30天', '1', '2020-02-27 20:32:02', '2020-02-27 21:29:33', '15', '0', '0', '1');
INSERT INTO `goods` VALUES ('39', '蒙牛现代牧场鲜牛奶 1.5L/桶', '新老包装随机发 航天品质 大桶更适合全家分享哦~', '19.50', '0.00', '18', '[{\"url\":\"http://img.nodebook.top/2020_02_27_08_32_4440850image/jpeg\",\"name\":\"3cab2960984871565761748031.jpg\",\"uid\":\"rc-upload-1582806094692-39\",\"status\":\"done\"}]', '[{\"url\":\"http://img.nodebook.top/2020_02_27_08_32_4698327image/jpeg\",\"name\":\"3cab2960984871565761748031.jpg\",\"uid\":\"rc-upload-1582806094692-41\",\"status\":\"done\"}]', '1', '1.8L', '冷藏', '30天', '1', '2020-02-27 20:33:04', '2020-02-27 21:32:52', '15', '0', '1', '0');
INSERT INTO `goods` VALUES ('40', '粮全其美葱香味手抓饼 900g/袋', '金黄酥脆 黄金扑鼻', '20.80', '0.00', '23', '[{\"url\":\"http://img.nodebook.top/2020_02_27_08_34_0960667image/jpeg\",\"name\":\"6083825e838031565677217115.jpg\",\"uid\":\"rc-upload-1582806094692-43\",\"status\":\"done\"}]', '[{\"url\":\"http://img.nodebook.top/2020_02_27_08_34_1223700image/jpeg\",\"name\":\"6083825e838031565677217115.jpg\",\"uid\":\"rc-upload-1582806094692-45\",\"status\":\"done\"}]', '1', '500g', '常温', '六个月', '1', '2020-02-27 20:34:38', '2020-02-27 21:31:08', '15', '1', '0', '0');
INSERT INTO `goods` VALUES ('41', '味全严选牧场牛奶 900ml/瓶', '新老包装交替发货~严选牧场牛奶，把新鲜送到你家', '22.80', '0.00', '23', '[{\"url\":\"http://img.nodebook.top/2020_02_27_08_35_1846190image/jpeg\",\"name\":\"44db668b8ef511567081875175.jpg\",\"uid\":\"rc-upload-1582806094692-47\",\"status\":\"done\"}]', '[{\"url\":\"http://img.nodebook.top/2020_02_27_08_35_2170666image/jpeg\",\"name\":\"44db668b8ef511567081875175.jpg\",\"uid\":\"rc-upload-1582806094692-49\",\"status\":\"done\"}]', '1', '500g', '常温', '六个月', '1', '2020-02-27 20:35:46', '2020-02-27 21:31:19', '15', '0', '1', '0');
INSERT INTO `goods` VALUES ('42', '每日鲜语鲜牛奶 1000ml/瓶', '2小时，从挤奶到鲜奶', '24.90', '0.00', '23', '[{\"url\":\"http://img.nodebook.top/2020_02_27_08_36_2214705image/jpeg\",\"name\":\"46232e9c59e141565761543213.jpg\",\"uid\":\"rc-upload-1582806094692-51\",\"status\":\"done\"}]', '[{\"url\":\"http://img.nodebook.top/2020_02_27_08_36_244538image/jpeg\",\"name\":\"46232e9c59e141565761543213.jpg\",\"uid\":\"rc-upload-1582806094692-53\",\"status\":\"done\"}]', '1', '1000ml', '冷藏', '三天', '1', '2020-02-27 20:36:40', '2020-02-27 21:28:57', '15', '0', '0', '0');
INSERT INTO `goods` VALUES ('43', '豆浆油条经典早餐组合（ 清美豆浆1L/瓶+油条 80g*3）', '经典早餐CP组合', '19.30', '0.00', '23', '[{\"url\":\"http://img.nodebook.top/2020_02_27_08_37_1768992image/jpeg\",\"name\":\"f304bd0dc17ca1562932766236.jpg\",\"uid\":\"rc-upload-1582806094692-55\",\"status\":\"done\"}]', '[{\"url\":\"http://img.nodebook.top/2020_02_27_08_37_2363536image/jpeg\",\"name\":\"f304bd0dc17ca1562932766236.jpg\",\"uid\":\"rc-upload-1582806094692-57\",\"status\":\"done\"}]', '1', '1KG', '常温', '1天', '1', '2020-02-27 20:37:43', '2020-02-27 21:33:04', '15', '0', '1', '1');
INSERT INTO `goods` VALUES ('44', '全麦高纤吐司（天然酵母） 110g/份', '醇香正麦 粗粮纤维 美味随享（2-3片/110g）', '6.90', '0.00', '23', '[{\"url\":\"http://img.nodebook.top/2020_02_27_08_38_4473078image/jpeg\",\"name\":\"6e636738b35161562126465973.jpg\",\"uid\":\"rc-upload-1582806094692-59\",\"status\":\"done\"}]', '[{\"url\":\"http://img.nodebook.top/2020_02_27_08_38_4728653image/jpeg\",\"name\":\"6e636738b35161562126465973.jpg\",\"uid\":\"rc-upload-1582806094692-61\",\"status\":\"done\"}]', '1', '200g', '常温', '三个月', '1', '2020-02-27 20:39:01', '2020-02-27 21:29:04', '15', '0', '0', '0');
INSERT INTO `goods` VALUES ('45', '清美山东原味大馒头 380g/袋', '4只装 大馒头更满足', '6.60', '0.00', '23', '[{\"url\":\"http://img.nodebook.top/2020_02_27_08_39_5369398image/jpeg\",\"name\":\"539a4443f392a1565686422348.jpg\",\"uid\":\"rc-upload-1582806094692-63\",\"status\":\"done\"}]', '[{\"url\":\"http://img.nodebook.top/2020_02_27_08_39_5928475image/jpeg\",\"name\":\"539a4443f392a1565686422348.jpg\",\"uid\":\"rc-upload-1582806094692-65\",\"status\":\"done\"}]', '1', '200g', '常温', '三天', '1', '2020-02-27 20:40:16', '2020-02-27 21:31:14', '15', '0', '1', '1');
INSERT INTO `goods` VALUES ('46', '安井葱油花卷 300g/袋', '8只葱香浓郁 3分钟吃到热乎的', '11.90', '0.00', '23', '[{\"url\":\"http://img.nodebook.top/2020_02_27_08_41_0050246image/jpeg\",\"name\":\"7dfba1924dd1a1565676704805.jpg\",\"uid\":\"rc-upload-1582806094692-67\",\"status\":\"done\"}]', '[{\"url\":\"http://img.nodebook.top/2020_02_27_08_41_0310650image/jpeg\",\"name\":\"7dfba1924dd1a1565676704805.jpg\",\"uid\":\"rc-upload-1582806094692-69\",\"status\":\"done\"}]', '1', '100g', '常温', '三天', '1', '2020-02-27 20:41:24', '2020-02-27 21:32:58', '15', '0', '1', '0');
INSERT INTO `goods` VALUES ('47', '上海农场东大滩花生油 1.8L/桶', '古法压榨零添加，封存花生原香', '79.00', '0.00', '20', '[{\"url\":\"http://img.nodebook.top/2020_02_27_08_42_343163image/jpeg\",\"name\":\"7fa219c9e0f9b1566910024621.jpg\",\"uid\":\"rc-upload-1582806094692-71\",\"status\":\"done\"}]', '[{\"url\":\"http://img.nodebook.top/2020_02_27_08_42_362857image/jpeg\",\"name\":\"7fa219c9e0f9b1566910024621.jpg\",\"uid\":\"rc-upload-1582806094692-73\",\"status\":\"done\"}]', '1', '1.8L', '常温', '六个月', '1', '2020-02-27 20:42:52', '2020-02-27 21:29:20', '15', '0', '0', '1');
INSERT INTO `goods` VALUES ('48', '上海农场柔尔香农场大米 5kg/袋', '低温储存，长久保持新鲜收割般的口感', '49.00', '0.00', '20', '[{\"url\":\"http://img.nodebook.top/2020_02_27_08_43_2425993image/jpeg\",\"name\":\"055a653a006011566910778273.jpg\",\"uid\":\"rc-upload-1582806094692-75\",\"status\":\"done\"}]', '[{\"url\":\"http://img.nodebook.top/2020_02_27_08_43_2697257image/jpeg\",\"name\":\"055a653a006011566910778273.jpg\",\"uid\":\"rc-upload-1582806094692-77\",\"status\":\"done\"}]', '1', '5Kg', '常温', '十二个月', '1', '2020-02-27 20:43:44', '2020-02-27 21:33:00', '15', '0', '1', '1');
INSERT INTO `goods` VALUES ('49', '小白嘴山药 约400g', '白山药中的精品', '9.90', '0.00', '20', '[{\"url\":\"http://img.nodebook.top/2020_02_27_08_44_1756243image/jpeg\",\"name\":\"80a12d83c70eb1556423398252.jpg\",\"uid\":\"rc-upload-1582806094692-79\",\"status\":\"done\"}]', '[{\"url\":\"http://img.nodebook.top/2020_02_27_08_44_1931160image/jpeg\",\"name\":\"80a12d83c70eb1556423398252.jpg\",\"uid\":\"rc-upload-1582806094692-81\",\"status\":\"done\"}]', '1', '1.2kg', '常温', '六个月', '1', '2020-02-27 20:44:36', '2020-02-27 21:29:15', '15', '0', '0', '0');
INSERT INTO `goods` VALUES ('50', '六鳌红蜜薯 750g/袋', '网红红薯 细腻无丝 非你莫“薯”~', '8.50', '0.00', '20', '[{\"url\":\"http://img.nodebook.top/2020_02_27_08_45_1170915image/jpeg\",\"name\":\"8ac9b25dd6cdd1562234382792.jpg\",\"uid\":\"rc-upload-1582806094692-83\",\"status\":\"done\"}]', '[{\"url\":\"http://img.nodebook.top/2020_02_27_08_45_1373313image/jpeg\",\"name\":\"8ac9b25dd6cdd1562234382792.jpg\",\"uid\":\"rc-upload-1582806094692-85\",\"status\":\"done\"}]', '1', '750g', '常温', '三十天', '1', '2020-02-27 20:45:30', '2020-02-27 21:29:17', '15', '0', '0', '0');
INSERT INTO `goods` VALUES ('51', '凡谷1号番茄 500g', '果肉沙软 甜而不腻 儿时番茄味', '7.90', '0.00', '20', '[{\"url\":\"http://img.nodebook.top/2020_02_27_08_46_0796703image/jpeg\",\"name\":\"bb9efb235bdce1561547705384.jpg\",\"uid\":\"rc-upload-1582806094692-87\",\"status\":\"done\"}]', '[{\"url\":\"http://img.nodebook.top/2020_02_27_08_46_0940498image/jpeg\",\"name\":\"bb9efb235bdce1561547705384.jpg\",\"uid\":\"rc-upload-1582806094692-89\",\"status\":\"done\"}]', '1', '500g', '常温', '十天', '1', '2020-02-27 20:46:30', '2020-02-27 21:31:24', '15', '1', '0', '0');
INSERT INTO `goods` VALUES ('52', '黄天鹅可生食鲜鸡蛋20枚 1kg', '可以生吃的鸡蛋', '46.80', '0.00', '20', '[{\"url\":\"http://img.nodebook.top/2020_02_27_08_51_3744220image/jpeg\",\"name\":\"97ab044c4e6341557477858446.jpg\",\"uid\":\"rc-upload-1582806094692-91\",\"status\":\"done\"}]', '[{\"url\":\"http://img.nodebook.top/2020_02_27_08_51_4076601image/jpeg\",\"name\":\"97ab044c4e6341557477858446.jpg\",\"uid\":\"rc-upload-1582806094692-93\",\"status\":\"done\"}]', '1', '1000g', '常温', '三个月', '1', '2020-02-27 20:51:58', '2020-02-27 21:31:25', '15', '1', '0', '0');
INSERT INTO `goods` VALUES ('53', '黄天鹅可生食鲜鸡蛋20枚 1kg', '可以生吃的鸡蛋', '46.80', '0.00', '20', '[{\"url\":\"http://img.nodebook.top/2020_02_27_08_51_3744220image/jpeg\",\"name\":\"97ab044c4e6341557477858446.jpg\",\"uid\":\"rc-upload-1582806094692-91\",\"status\":\"done\"}]', '[{\"url\":\"http://img.nodebook.top/2020_02_27_08_51_4076601image/jpeg\",\"name\":\"97ab044c4e6341557477858446.jpg\",\"uid\":\"rc-upload-1582806094692-93\",\"status\":\"done\"}]', '0', '1000g', '常温', '三个月', '0', '2020-02-27 20:52:08', '2020-02-27 21:28:03', '15', '0', '0', '0');
INSERT INTO `goods` VALUES ('54', '黄天鹅可生食鲜鸡蛋20枚 1kg', '可以生吃的鸡蛋', '46.80', '0.00', '20', '[{\"url\":\"http://img.nodebook.top/2020_02_27_08_51_3744220image/jpeg\",\"name\":\"97ab044c4e6341557477858446.jpg\",\"uid\":\"rc-upload-1582806094692-91\",\"status\":\"done\"}]', '[{\"url\":\"http://img.nodebook.top/2020_02_27_08_51_4076601image/jpeg\",\"name\":\"97ab044c4e6341557477858446.jpg\",\"uid\":\"rc-upload-1582806094692-93\",\"status\":\"done\"}]', '0', '1000g', '常温', '三个月', '0', '2020-02-27 20:52:04', '2020-02-27 21:28:09', '15', '0', '0', '0');
INSERT INTO `goods` VALUES ('55', '多力葵花籽油 5L/桶（另送小油）', '欧洲进口原料 滴滴精华', '75.90', '0.00', '21', '[{\"url\":\"http://img.nodebook.top/2020_02_27_08_55_5240946image/jpeg\",\"name\":\"30ff107f43ef51543979053475.jpg\",\"uid\":\"rc-upload-1582807930793-3\",\"status\":\"done\"}]', '[{\"url\":\"http://img.nodebook.top/2020_02_27_08_55_55168image/jpeg\",\"name\":\"30ff107f43ef51543979053475.jpg\",\"uid\":\"rc-upload-1582807930793-5\",\"status\":\"done\"}]', '1', '5L', '常温', '六个月', '1', '2020-02-27 20:56:09', '2020-02-27 21:28:31', '15', '0', '0', '0');
INSERT INTO `goods` VALUES ('56', '粮管家乳玉香米 5kg/袋', '乳白似玉 软糯香甜', '44.80', '0.00', '21', '[{\"url\":\"http://img.nodebook.top/2020_02_27_08_56_4970601image/jpeg\",\"name\":\"2cb869d9a0e3f1566996386451.jpg\",\"uid\":\"rc-upload-1582807930793-7\",\"status\":\"done\"}]', '[{\"url\":\"http://img.nodebook.top/2020_02_27_08_56_5187020image/jpeg\",\"name\":\"2cb869d9a0e3f1566996386451.jpg\",\"uid\":\"rc-upload-1582807930793-9\",\"status\":\"done\"}]', '1', '5kg', '常温', '六个月', '1', '2020-02-27 20:57:15', '2020-02-27 21:31:27', '15', '1', '0', '0');
INSERT INTO `goods` VALUES ('57', '粮管家乳玉香米 5kg/袋', '乳白似玉 软糯香甜', '44.80', '0.00', '21', '[{\"url\":\"http://img.nodebook.top/2020_02_27_08_56_4970601image/jpeg\",\"name\":\"2cb869d9a0e3f1566996386451.jpg\",\"uid\":\"rc-upload-1582807930793-7\",\"status\":\"done\"}]', '[{\"url\":\"http://img.nodebook.top/2020_02_27_08_56_5187020image/jpeg\",\"name\":\"2cb869d9a0e3f1566996386451.jpg\",\"uid\":\"rc-upload-1582807930793-9\",\"status\":\"done\"}]', '1', '5kg', '常温', '六个月', '1', '2020-02-27 20:57:13', '2020-02-27 21:28:30', '15', '0', '0', '0');
INSERT INTO `goods` VALUES ('58', '福临门一级压榨葵花籽油 4L/瓶', '脱壳压榨 保留葵香 更纯净~', '52.90', '0.00', '21', '[{\"url\":\"http://img.nodebook.top/2020_02_27_08_57_5947950image/jpeg\",\"name\":\"e1485caaaec971563182109232.jpg\",\"uid\":\"rc-upload-1582808239545-5\",\"status\":\"done\"}]', '[{\"url\":\"http://img.nodebook.top/2020_02_27_08_58_0140258image/jpeg\",\"name\":\"e1485caaaec971563182109232.jpg\",\"uid\":\"rc-upload-1582808239545-7\",\"status\":\"done\"}]', '1', '4L', '常温', '六个月', '1', '2020-02-27 20:58:17', '2020-02-27 21:31:29', '15', '0', '1', '0');
INSERT INTO `goods` VALUES ('59', '建湖大米 5kg/袋', '软糯香甜 粒粒饱满~', '43.90', '0.00', '21', '[{\"url\":\"http://img.nodebook.top/2020_02_27_08_58_467065image/jpeg\",\"name\":\"35b60f075eee41560154508799.jpg\",\"uid\":\"rc-upload-1582808239545-9\",\"status\":\"done\"}]', '[{\"url\":\"http://img.nodebook.top/2020_02_27_08_58_4866473image/jpeg\",\"name\":\"35b60f075eee41560154508799.jpg\",\"uid\":\"rc-upload-1582808239545-11\",\"status\":\"done\"}]', '1', '5kg', '常温', '六个月', '1', '2020-02-27 20:59:06', '2020-02-27 21:33:09', '15', '0', '1', '0');
INSERT INTO `goods` VALUES ('60', '崇明鲜米 5kg/袋', '崇明生态种植 鲜碾现磨 每一口都是甘甜的味道~', '59.90', '0.00', '21', '[{\"url\":\"http://img.nodebook.top/2020_02_27_08_59_4395243image/jpeg\",\"name\":\"4502b4e9931591560423804453.jpg\",\"uid\":\"rc-upload-1582808239545-13\",\"status\":\"done\"}]', '[{\"url\":\"http://img.nodebook.top/2020_02_27_08_59_4616653image/jpeg\",\"name\":\"4502b4e9931591560423804453.jpg\",\"uid\":\"rc-upload-1582808239545-15\",\"status\":\"done\"}]', '1', '5kg', '常温', '六个月', '1', '2020-02-27 21:00:02', '2020-02-27 21:33:13', '15', '0', '1', '0');
INSERT INTO `goods` VALUES ('61', '皇家米博士虎林大米 5kg/袋', '来自优质有机大米示范基地，香甜可口，清淡劲道~', '39.90', '0.00', '21', '[{\"url\":\"http://img.nodebook.top/2020_02_27_09_00_4770691image/jpeg\",\"name\":\"316666518219c1555307066184.jpg\",\"uid\":\"rc-upload-1582808239545-17\",\"status\":\"done\"}]', '[{\"url\":\"http://img.nodebook.top/2020_02_27_09_00_5038786image/jpeg\",\"name\":\"316666518219c1555307066184.jpg\",\"uid\":\"rc-upload-1582808239545-19\",\"status\":\"done\"}]', '1', '5Kg', '常温', '六个月', '1', '2020-02-27 21:01:02', '2020-02-27 21:31:31', '15', '0', '0', '0');
INSERT INTO `goods` VALUES ('62', '【酸汤肥牛】隆钿澳洲冷冻肥牛片+家乐酸汤肥牛调料', '无需调味，只需4步，轻松做出餐厅招牌菜', '48.80', '0.00', '22', '[{\"url\":\"http://img.nodebook.top/2020_02_27_09_01_4373530image/png\",\"name\":\"2e4c64440e6581568985177001.png\",\"uid\":\"rc-upload-1582808239545-21\",\"status\":\"done\"}]', '[{\"url\":\"http://img.nodebook.top/2020_02_27_09_01_4629610image/png\",\"name\":\"2e4c64440e6581568985177001.png\",\"uid\":\"rc-upload-1582808239545-23\",\"status\":\"done\"}]', '1', '250g', '常温', '六个月', '1', '2020-02-27 21:02:08', '2020-02-27 21:31:32', '15', '0', '1', '0');
INSERT INTO `goods` VALUES ('63', '海底捞菌汤火锅汤料 110g/袋', '菌香浓郁 汤鲜味美 余味清爽', '13.80', '0.00', '22', '[{\"url\":\"http://img.nodebook.top/2020_02_27_09_02_4282636image/jpeg\",\"name\":\"b7a086392169f1510292045301.jpg\",\"uid\":\"rc-upload-1582808239545-25\",\"status\":\"done\"}]', '[{\"url\":\"http://img.nodebook.top/2020_02_27_09_02_4566408image/jpeg\",\"name\":\"b7a086392169f1510292045301.jpg\",\"uid\":\"rc-upload-1582808239545-27\",\"status\":\"done\"}]', '1', '250g', '常温', '九个月', '1', '2020-02-27 21:02:59', '2020-02-27 21:28:38', '15', '0', '0', '0');
INSERT INTO `goods` VALUES ('64', '太太乐原味鲜 109g/袋', '安心提鲜 不纠结~', '8.50', '0.00', '22', '[{\"url\":\"http://img.nodebook.top/2020_02_27_09_03_5182246image/jpeg\",\"name\":\"2b68c2aea0b551565254778688.jpg\",\"uid\":\"rc-upload-1582808239545-29\",\"status\":\"done\"}]', '[{\"url\":\"http://img.nodebook.top/2020_02_27_09_03_5498926image/jpeg\",\"name\":\"2b68c2aea0b551565254778688.jpg\",\"uid\":\"rc-upload-1582808239545-31\",\"status\":\"done\"}]', '1', '300g', '常温', '九个月', '1', '2020-02-27 21:04:07', '2020-02-27 21:28:39', '15', '0', '0', '0');
INSERT INTO `goods` VALUES ('65', '【馋嘴牛蛙】家乐馋嘴牛蛙菜用调味料 +爱之鱼冷冻牛蛙', '无需调味，只需4步，轻松做出餐厅招牌菜', '32.80', '0.00', '22', '[{\"url\":\"http://img.nodebook.top/2020_02_27_09_04_5881967image/jpeg\",\"name\":\"a69ebb015e98a1565510631602.jpg\",\"uid\":\"rc-upload-1582808239545-33\",\"status\":\"done\"}]', '[{\"url\":\"http://img.nodebook.top/2020_02_27_09_05_0012698image/jpeg\",\"name\":\"a69ebb015e98a1565510631602.jpg\",\"uid\":\"rc-upload-1582808239545-35\",\"status\":\"done\"}]', '1', '200g', '常温', '九个月', '1', '2020-02-27 21:05:17', '2020-02-27 21:28:40', '15', '0', '0', '0');
INSERT INTO `goods` VALUES ('66', '家乐酸汤肥牛菜用调味料 100g/袋', '厨房小白也能轻松做好菜~', '12.90', '0.00', '22', '[{\"url\":\"http://img.nodebook.top/2020_02_27_09_06_0347882image/jpeg\",\"name\":\"74a30d8787e281564575816465.jpg\",\"uid\":\"rc-upload-1582808239545-37\",\"status\":\"done\"}]', '[{\"url\":\"http://img.nodebook.top/2020_02_27_09_06_0645870image/jpeg\",\"name\":\"74a30d8787e281564575816465.jpg\",\"uid\":\"rc-upload-1582808239545-39\",\"status\":\"done\"}]', '1', '100g', '常温', '九个月', '1', '2020-02-27 21:06:16', '2020-02-27 21:28:41', '15', '0', '0', '0');
INSERT INTO `goods` VALUES ('67', '老恒和葱姜料酒 500ml/瓶', '去腥解腻 五年陈酿（新老包装交替发货）', '8.80', '0.00', '22', '[{\"url\":\"http://img.nodebook.top/2020_02_27_09_07_0244617image/jpeg\",\"name\":\"a1cde43436ae61560246261517.jpg\",\"uid\":\"rc-upload-1582808239545-41\",\"status\":\"done\"}]', '[{\"url\":\"http://img.nodebook.top/2020_02_27_09_07_0512697image/jpeg\",\"name\":\"a1cde43436ae61560246261517.jpg\",\"uid\":\"rc-upload-1582808239545-43\",\"status\":\"done\"}]', '1', '270ml', '常温', '三个月', '1', '2020-02-27 21:07:22', '2020-02-27 21:28:42', '15', '0', '0', '0');
INSERT INTO `goods` VALUES ('68', '旭洋香干 250g/袋', '香芹炒香干 美味不可挡~', '4.90', '0.00', '19', '[{\"url\":\"http://img.nodebook.top/2020_02_27_09_22_3034597image/jpeg\",\"name\":\"063762fc447f51553053334677.jpg\",\"uid\":\"rc-upload-1582808239545-45\",\"status\":\"done\"}]', '[{\"url\":\"http://img.nodebook.top/2020_02_27_09_22_3250351image/jpeg\",\"name\":\"063762fc447f51553053334677.jpg\",\"uid\":\"rc-upload-1582808239545-47\",\"status\":\"done\"}]', '1', '100g', '常温', '三个月', '1', '2020-02-27 21:22:58', '2020-02-27 21:28:42', '15', '0', '0', '0');
INSERT INTO `goods` VALUES ('69', '旭洋香干 250g/袋', '香芹炒香干 美味不可挡~', '4.90', '0.00', '19', '[{\"url\":\"http://img.nodebook.top/2020_02_27_09_22_3034597image/jpeg\",\"name\":\"063762fc447f51553053334677.jpg\",\"uid\":\"rc-upload-1582808239545-45\",\"status\":\"done\"}]', '[{\"url\":\"http://img.nodebook.top/2020_02_27_09_22_3250351image/jpeg\",\"name\":\"063762fc447f51553053334677.jpg\",\"uid\":\"rc-upload-1582808239545-47\",\"status\":\"done\"}]', '1', '100g', '常温', '三个月', '1', '2020-02-27 21:22:53', '2020-02-27 21:28:44', '15', '0', '0', '0');
INSERT INTO `goods` VALUES ('70', '旭洋香干 250g/袋', '香芹炒香干 美味不可挡~', '4.90', '0.00', '19', '[{\"url\":\"http://img.nodebook.top/2020_02_27_09_22_3034597image/jpeg\",\"name\":\"063762fc447f51553053334677.jpg\",\"uid\":\"rc-upload-1582808239545-45\",\"status\":\"done\"}]', '[{\"url\":\"http://img.nodebook.top/2020_02_27_09_22_3250351image/jpeg\",\"name\":\"063762fc447f51553053334677.jpg\",\"uid\":\"rc-upload-1582808239545-47\",\"status\":\"done\"}]', '0', '100g', '常温', '三个月', '0', '2020-02-27 21:22:55', '2020-02-27 21:27:44', '15', '0', '0', '0');
INSERT INTO `goods` VALUES ('71', '清美盐卤五香干 120g/袋', '新老包装交替中 皖北风味~', '2.90', '0.00', '19', '[{\"url\":\"http://img.nodebook.top/2020_02_27_09_23_3834963image/jpeg\",\"name\":\"0ee98edc76e5c1539672112924.jpg\",\"uid\":\"rc-upload-1582809780947-3\",\"status\":\"done\"}]', '[{\"url\":\"http://img.nodebook.top/2020_02_27_09_23_4033810image/jpeg\",\"name\":\"0ee98edc76e5c1539672112924.jpg\",\"uid\":\"rc-upload-1582809780947-5\",\"status\":\"done\"}]', '1', '80g', '冷藏', '两个月', '1', '2020-02-27 21:24:12', '2020-02-27 21:28:45', '15', '0', '0', '0');
INSERT INTO `goods` VALUES ('72', '大昌美国杂菜 200g/袋', '无添加 开袋即烹超便捷', '6.90', '0.00', '19', '[{\"url\":\"http://img.nodebook.top/2020_02_27_09_24_5783220image/png\",\"name\":\"ed848ca670a6f1504064745559.png\",\"uid\":\"rc-upload-1582809780947-7\",\"status\":\"done\"}]', '[{\"url\":\"http://img.nodebook.top/2020_02_27_09_24_5931032image/png\",\"name\":\"ed848ca670a6f1504064745559.png\",\"uid\":\"rc-upload-1582809780947-9\",\"status\":\"done\"}]', '1', '100g', '常温', '15天', '1', '2020-02-27 21:25:27', '2020-02-27 21:33:20', '15', '0', '1', '0');
INSERT INTO `goods` VALUES ('73', '卫龙香辣味大面筋 65g/袋', '一口一根 原汁原味', '3.50', '0.00', '19', '[{\"url\":\"http://img.nodebook.top/2020_02_27_09_26_2797399image/jpeg\",\"name\":\"e6a8197d785ac1541952317876.jpg\",\"uid\":\"rc-upload-1582809780947-11\",\"status\":\"done\"}]', '[{\"url\":\"http://img.nodebook.top/2020_02_27_09_26_2952008image/jpeg\",\"name\":\"e6a8197d785ac1541952317876.jpg\",\"uid\":\"rc-upload-1582809780947-13\",\"status\":\"done\"}]', '1', '65g', '常温', '十二个月', '1', '2020-02-27 21:26:45', '2020-02-27 21:28:47', '15', '0', '1', '0');

-- ----------------------------
-- Table structure for keywords
-- ----------------------------
DROP TABLE IF EXISTS `keywords`;
CREATE TABLE `keywords` (
  `id` int(10) unsigned NOT NULL AUTO_INCREMENT,
  `name` varchar(255) DEFAULT NULL COMMENT '关键词',
  `remark` varchar(255) DEFAULT NULL COMMENT '备注',
  `create_time` timestamp NOT NULL DEFAULT CURRENT_TIMESTAMP COMMENT '创建时间',
  `user_id` int(11) DEFAULT NULL COMMENT '操作人ID',
  PRIMARY KEY (`id`)
) ENGINE=InnoDB AUTO_INCREMENT=5 DEFAULT CHARSET=utf8;

-- ----------------------------
-- Records of keywords
-- ----------------------------
INSERT INTO `keywords` VALUES ('1', '黄瓜', '黄瓜', '2020-01-09 10:26:59', '15');
INSERT INTO `keywords` VALUES ('2', '金针菇', '金针菇', '2020-02-27 18:25:45', '15');
INSERT INTO `keywords` VALUES ('3', '茄子', '茄子', '2020-02-27 18:26:09', '15');
INSERT INTO `keywords` VALUES ('4', '毛豆', '毛豆', '2020-02-27 18:26:24', '15');

-- ----------------------------
-- Table structure for modeladdress
-- ----------------------------
DROP TABLE IF EXISTS `modeladdress`;
CREATE TABLE `modeladdress` (
  `id` int(10) unsigned NOT NULL AUTO_INCREMENT,
  `address_name` varchar(255) DEFAULT NULL COMMENT '姓名',
  `address_phone` varchar(255) DEFAULT NULL COMMENT '电话',
  `address_province` varchar(255) DEFAULT NULL COMMENT '省',
  `address_city` varchar(255) DEFAULT NULL COMMENT '市',
  `address_county` varchar(255) DEFAULT NULL,
  `address_addressDetail` varchar(255) DEFAULT NULL COMMENT '详细地址',
  `address_userid` int(11) DEFAULT NULL,
  `address_areacode` varchar(255) DEFAULT NULL COMMENT '地区编码',
  PRIMARY KEY (`id`)
) ENGINE=InnoDB AUTO_INCREMENT=3 DEFAULT CHARSET=utf8;

-- ----------------------------
-- Records of modeladdress
-- ----------------------------
INSERT INTO `modeladdress` VALUES ('1', 'HTML', '15639762231', '河北省', '石家庄市', '长安区', '详细地址呀', '1', '130102');
INSERT INTO `modeladdress` VALUES ('2', 'HTML', '15639762230', '河北省', '石家庄市', '长安区', '详细地址呀', '1', '130102');

-- ----------------------------
-- Table structure for modelorder
-- ----------------------------
DROP TABLE IF EXISTS `modelorder`;
CREATE TABLE `modelorder` (
  `id` int(10) unsigned NOT NULL AUTO_INCREMENT,
  `order_address` text COMMENT '收货地址数组',
  `order_time` varchar(255) DEFAULT NULL COMMENT '配送时间',
  `order_order` text COMMENT '订单对象',
  `order_price` varchar(255) DEFAULT NULL COMMENT '订单金额',
  `order_delivery` varchar(255) DEFAULT NULL COMMENT '快递费',
  `order_userid` int(11) DEFAULT NULL COMMENT '用户ID',
  `order_payment` varchar(255) DEFAULT NULL COMMENT '支付方式',
  `order_message` varchar(255) DEFAULT NULL COMMENT '备注',
  `order_code` varchar(255) DEFAULT NULL COMMENT '订单编号',
  `order_states` int(11) DEFAULT '1' COMMENT '订单状态 1 待支付 2 待发货 3 待收货 4 待评价  5 仅退款 6 退货/退款 7 完成',
  `order_return` int(11) DEFAULT NULL,
  `order_createtime` datetime DEFAULT NULL COMMENT '创建时间',
  PRIMARY KEY (`id`)
) ENGINE=InnoDB AUTO_INCREMENT=24 DEFAULT CHARSET=utf8;

-- ----------------------------
-- Records of modelorder
-- ----------------------------
INSERT INTO `modelorder` VALUES ('1', '{\"id\":1,\"tel\":\"15639762231\",\"name\":\"HTML\",\"address\":\"河北省石家庄市长安区详细地址呀\"}', '明天 7:00~7:29', '[{\"id\":1,\"name\":\"苹果\",\"number\":1,\"url\":\"http://img.nodebook.top/2020_01_07_06_33_2969305image/jpeg\",\"price\":10,\"checkeds\":true,\"val\":\"0\"},{\"id\":2,\"name\":\"蜜桔\",\"number\":1,\"url\":\"http://img.nodebook.top/2020_01_07_06_41_2839431image/jpeg\",\"price\":9.99,\"checkeds\":true,\"val\":\"0\"}]', '19.99', '0', '1', '微信', null, null, '2', null, '2020-02-24 21:35:25');
INSERT INTO `modelorder` VALUES ('2', '{\"id\":1,\"tel\":\"15639762231\",\"name\":\"HTML\",\"address\":\"河北省石家庄市长安区详细地址呀\"}', '明天 7:00~7:29', '[{\"id\":1,\"name\":\"苹果\",\"number\":1,\"url\":\"http://img.nodebook.top/2020_01_07_06_33_2969305image/jpeg\",\"price\":10,\"checkeds\":true,\"val\":\"0\"},{\"id\":2,\"name\":\"蜜桔\",\"number\":1,\"url\":\"http://img.nodebook.top/2020_01_07_06_41_2839431image/jpeg\",\"price\":9.99,\"checkeds\":true,\"val\":\"0\"}]', '19.99', '0', '1', '微信', null, null, '1', null, '2020-02-24 21:35:33');
INSERT INTO `modelorder` VALUES ('3', '{\"id\":1,\"tel\":\"15639762231\",\"name\":\"HTML\",\"address\":\"河北省石家庄市长安区详细地址呀\"}', '明天 7:00~7:29', '[{\"id\":1,\"name\":\"苹果\",\"number\":1,\"url\":\"http://img.nodebook.top/2020_01_07_06_33_2969305image/jpeg\",\"price\":10,\"checkeds\":true,\"val\":\"0\"},{\"id\":2,\"name\":\"蜜桔\",\"number\":1,\"url\":\"http://img.nodebook.top/2020_01_07_06_41_2839431image/jpeg\",\"price\":9.99,\"checkeds\":true,\"val\":\"0\"}]', '19.99', '0', '1', '微信', null, null, '1', null, '2020-02-24 21:35:34');
INSERT INTO `modelorder` VALUES ('4', '{\"id\":1,\"tel\":\"15639762231\",\"name\":\"HTML\",\"address\":\"河北省石家庄市长安区详细地址呀\"}', '今天 16:30~16:59', '[{\"id\":1,\"name\":\"苹果\",\"number\":2,\"url\":\"http://img.nodebook.top/2020_01_07_06_33_2969305image/jpeg\",\"price\":10,\"checkeds\":true,\"val\":\"0\"}]', '20.00', '0', '1', '余额', null, 'DD1582621159139944', '1', null, '2020-02-25 16:59:19');
INSERT INTO `modelorder` VALUES ('5', '{\"id\":1,\"tel\":\"15639762231\",\"name\":\"HTML\",\"address\":\"河北省石家庄市长安区详细地址呀\"}', '今天 16:30~16:59', '[{\"id\":1,\"name\":\"苹果\",\"number\":2,\"url\":\"http://img.nodebook.top/2020_01_07_06_33_2969305image/jpeg\",\"price\":10,\"checkeds\":true,\"val\":\"0\"}]', '20.00', '0', '1', '余额', null, 'DD158262116943368', '1', null, '2020-02-25 16:59:29');
INSERT INTO `modelorder` VALUES ('6', '{\"id\":1,\"tel\":\"15639762231\",\"name\":\"HTML\",\"address\":\"河北省石家庄市长安区详细地址呀\"}', '今天 16:30~16:59', '[{\"id\":1,\"name\":\"苹果\",\"number\":2,\"url\":\"http://img.nodebook.top/2020_01_07_06_33_2969305image/jpeg\",\"price\":10,\"checkeds\":true,\"val\":\"0\"}]', '20.00', '0', '1', '余额', null, 'DD1582621170780768', '1', null, '2020-02-25 16:59:30');
INSERT INTO `modelorder` VALUES ('7', '{\"id\":1,\"tel\":\"15639762231\",\"name\":\"HTML\",\"address\":\"河北省石家庄市长安区详细地址呀\"}', '今天 16:30~16:59', '[{\"id\":1,\"name\":\"苹果\",\"number\":2,\"url\":\"http://img.nodebook.top/2020_01_07_06_33_2969305image/jpeg\",\"price\":10,\"checkeds\":true,\"val\":\"0\"}]', '20.00', '0', '1', '余额', null, 'DD1582621218945949', '1', null, '2020-02-25 17:00:18');
INSERT INTO `modelorder` VALUES ('8', '{\"id\":1,\"tel\":\"15639762231\",\"name\":\"HTML\",\"address\":\"河北省石家庄市长安区详细地址呀\"}', '今天 17:00~17:29', '[{\"id\":1,\"name\":\"苹果\",\"number\":2,\"url\":\"http://img.nodebook.top/2020_01_07_06_33_2969305image/jpeg\",\"price\":10,\"checkeds\":true,\"val\":\"0\"}]', '20.00', '0', '1', '余额', null, 'DD158262132039592', '2', null, '2020-02-25 17:02:00');
INSERT INTO `modelorder` VALUES ('9', '{\"id\":1,\"tel\":\"15639762231\",\"name\":\"HTML\",\"address\":\"河北省石家庄市长安区详细地址呀\"}', '今天 20:30~20:59', '[{\"id\":1,\"name\":\"苹果\",\"number\":1,\"url\":\"http://img.nodebook.top/2020_01_07_06_33_2969305image/jpeg\",\"price\":10,\"checkeds\":true,\"val\":\"0\"}]', '10.00', '0', '1', '余额', null, 'DD1582632040403650', '2', null, '2020-02-25 20:00:40');
INSERT INTO `modelorder` VALUES ('10', '{\"id\":1,\"tel\":\"15639762231\",\"name\":\"HTML\",\"address\":\"河北省石家庄市长安区详细地址呀\"}', '今天 20:00~20:29', '[{\"id\":2,\"name\":\"蜜桔\",\"number\":1,\"url\":\"http://img.nodebook.top/2020_01_07_06_41_2839431image/jpeg\",\"price\":9.99,\"checkeds\":true,\"val\":\"0\"}]', '9.99', '10', '1', '余额', null, 'DD1582632107153235', '2', null, '2020-02-25 20:01:47');
INSERT INTO `modelorder` VALUES ('11', '{\"id\":1,\"tel\":\"15639762231\",\"name\":\"HTML\",\"address\":\"河北省石家庄市长安区详细地址呀\"}', '今天 20:00~20:29', '[{\"id\":2,\"name\":\"蜜桔\",\"number\":1,\"url\":\"http://img.nodebook.top/2020_01_07_06_41_2839431image/jpeg\",\"price\":9.99,\"checkeds\":true,\"val\":\"0\"}]', '9.99', '10', '1', '余额', null, 'DD1582632222043700', '2', null, '2020-02-25 20:03:42');
INSERT INTO `modelorder` VALUES ('12', '{\"id\":1,\"tel\":\"15639762231\",\"name\":\"HTML\",\"address\":\"河北省石家庄市长安区详细地址呀\"}', '今天 20:00~20:29', '[{\"id\":2,\"name\":\"蜜桔\",\"number\":1,\"url\":\"http://img.nodebook.top/2020_01_07_06_41_2839431image/jpeg\",\"price\":9.99,\"checkeds\":true,\"val\":\"0\"}]', '9.99', '10', '1', '余额', null, 'DD1582632289316679', '2', null, '2020-02-25 20:04:49');
INSERT INTO `modelorder` VALUES ('13', '{\"id\":1,\"tel\":\"15639762231\",\"name\":\"HTML\",\"address\":\"河北省石家庄市长安区详细地址呀\"}', '今天 20:00~20:29', '[{\"id\":2,\"name\":\"蜜桔\",\"number\":1,\"url\":\"http://img.nodebook.top/2020_01_07_06_41_2839431image/jpeg\",\"price\":9.99,\"checkeds\":true,\"val\":\"0\"}]', '9.99', '10', '1', '余额', null, 'DD1582632486948627', '2', null, '2020-02-25 20:08:06');
INSERT INTO `modelorder` VALUES ('14', '{\"id\":1,\"tel\":\"15639762231\",\"name\":\"HTML\",\"address\":\"河北省石家庄市长安区详细地址呀\"}', '今天 20:00~20:29', '[{\"id\":1,\"name\":\"苹果\",\"number\":1,\"url\":\"http://img.nodebook.top/2020_01_07_06_33_2969305image/jpeg\",\"price\":10,\"checkeds\":true,\"val\":\"0\"}]', '10.00', '0', '1', '余额', null, 'DD1582632571498340', '2', null, '2020-02-25 20:09:31');
INSERT INTO `modelorder` VALUES ('15', '{\"id\":1,\"tel\":\"15639762231\",\"name\":\"HTML\",\"address\":\"河北省石家庄市长安区详细地址呀\"}', '今天 20:00~20:29', '[{\"id\":2,\"name\":\"蜜桔\",\"number\":1,\"url\":\"http://img.nodebook.top/2020_01_07_06_41_2839431image/jpeg\",\"price\":9.99,\"checkeds\":true,\"val\":\"0\"},{\"id\":1,\"name\":\"苹果\",\"number\":1,\"url\":\"http://img.nodebook.top/2020_01_07_06_33_2969305image/jpeg\",\"price\":10,\"checkeds\":true,\"val\":\"0\"}]', '19.99', '0', '1', '余额', null, 'DD1582632654485494', '2', null, '2020-02-25 20:10:54');
INSERT INTO `modelorder` VALUES ('16', '{\"id\":1,\"tel\":\"15639762231\",\"name\":\"HTML\",\"address\":\"河北省石家庄市长安区详细地址呀\"}', '今天 20:00~20:29', '[{\"id\":1,\"name\":\"苹果\",\"number\":1,\"url\":\"http://img.nodebook.top/2020_01_07_06_33_2969305image/jpeg\",\"price\":10,\"checkeds\":true,\"val\":\"0\"},{\"id\":2,\"name\":\"蜜桔\",\"number\":1,\"url\":\"http://img.nodebook.top/2020_01_07_06_41_2839431image/jpeg\",\"price\":9.99,\"checkeds\":true,\"val\":\"0\"}]', '19.99', '0', '1', '余额', null, 'DD1582632740124720', '2', null, '2020-02-25 20:12:20');
INSERT INTO `modelorder` VALUES ('17', '{\"id\":1,\"tel\":\"15639762231\",\"name\":\"HTML\",\"address\":\"河北省石家庄市长安区详细地址呀\"}', '今天 20:00~20:29', '[{\"id\":1,\"name\":\"苹果\",\"number\":1,\"url\":\"http://img.nodebook.top/2020_01_07_06_33_2969305image/jpeg\",\"price\":10,\"checkeds\":true,\"val\":\"0\"}]', '10.00', '0', '1', '余额', null, 'DD1582632857053123', '2', null, '2020-02-25 20:14:17');
INSERT INTO `modelorder` VALUES ('18', '{\"id\":1,\"tel\":\"15639762231\",\"name\":\"HTML\",\"address\":\"河北省石家庄市长安区详细地址呀\"}', '今天 20:00~20:29', '[{\"id\":1,\"name\":\"苹果\",\"number\":7,\"url\":\"http://img.nodebook.top/2020_01_07_06_33_2969305image/jpeg\",\"price\":10,\"checkeds\":true,\"val\":\"0\"},{\"id\":2,\"name\":\"蜜桔\",\"number\":2,\"url\":\"http://img.nodebook.top/2020_01_07_06_41_2839431image/jpeg\",\"price\":9.99,\"checkeds\":true,\"val\":\"0\"}]', '89.98', '0', '1', '余额', null, 'DD1582633782581813', '2', null, '2020-02-25 20:29:42');
INSERT INTO `modelorder` VALUES ('19', '{\"id\":1,\"tel\":\"15639762231\",\"name\":\"HTML\",\"address\":\"河北省石家庄市长安区详细地址呀\"}', '明天 7:00~7:29', '[{\"id\":1,\"name\":\"苹果\",\"number\":1,\"url\":\"http://img.nodebook.top/2020_01_07_06_33_2969305image/jpeg\",\"price\":10,\"checkeds\":true,\"val\":\"0\"}]', '10.00', '0', '1', '余额', null, 'DD1582638849257903', '2', null, '2020-02-25 21:54:09');
INSERT INTO `modelorder` VALUES ('20', '{\"id\":1,\"tel\":\"15639762231\",\"name\":\"HTML\",\"address\":\"河北省石家庄市长安区详细地址呀\"}', '今天 17:00~17:29', '[{\"id\":1,\"name\":\"金针菇 150g\",\"number\":1,\"url\":\"http://img.nodebook.top/2020_02_27_04_18_1663786image/jpeg\",\"price\":0.99,\"checkeds\":true,\"val\":\"0\"},{\"id\":2,\"name\":\"毛豆（带壳） 400g\",\"number\":1,\"url\":\"http://img.nodebook.top/2020_02_27_04_10_5654322image/jpeg\",\"price\":5.9,\"checkeds\":true,\"val\":\"0\"}]', '6.89', '10', '1', '余额', null, 'DD1582795564184212', '2', null, '2020-02-27 17:26:04');
INSERT INTO `modelorder` VALUES ('21', '{\"id\":1,\"tel\":\"15639762231\",\"name\":\"HTML\",\"address\":\"河北省石家庄市长安区详细地址呀\"}', '今天 12:00~12:29', '[{\"id\":25,\"name\":\"爱森五花肉 500g\",\"number\":1,\"url\":\"http://img.nodebook.top/2020_02_27_08_15_3830880image/jpeg\",\"price\":46.9,\"checkeds\":true,\"val\":\"0\"}]', '46.90', '0', '1', '余额', null, 'DD1582863588046605', '2', null, '2020-02-28 12:19:48');
INSERT INTO `modelorder` VALUES ('22', '{\"id\":1,\"tel\":\"15639762231\",\"name\":\"HTML\",\"address\":\"河北省石家庄市长安区详细地址呀\"}', '今天 18:00~18:29', '[{\"id\":57,\"name\":\"粮管家乳玉香米 5kg/袋\",\"number\":1,\"url\":\"http://img.nodebook.top/2020_02_27_08_56_5187020image/jpeg\",\"price\":44.8,\"checkeds\":true,\"val\":\"0\"}]', '44.80', '0', '1', '余额', null, 'DD1582884594961976', '1', null, '2020-02-28 18:09:54');
INSERT INTO `modelorder` VALUES ('23', '{\"id\":2,\"tel\":\"15639762230\",\"name\":\"HTML\",\"address\":\"河北省石家庄市长安区详细地址呀\"}', '今天 20:30~20:59', '[{\"id\":42,\"name\":\"每日鲜语鲜牛奶 1000ml/瓶\",\"number\":1,\"url\":\"http://img.nodebook.top/2020_02_27_08_36_244538image/jpeg\",\"price\":24.9,\"checkeds\":true,\"val\":\"0\"}]', '24.90', '0', '1', '余额', null, 'DD15828934227961', '1', null, '2020-02-28 20:37:02');

-- ----------------------------
-- Table structure for modelusers
-- ----------------------------
DROP TABLE IF EXISTS `modelusers`;
CREATE TABLE `modelusers` (
  `id` int(10) unsigned NOT NULL AUTO_INCREMENT,
  `phone` varchar(255) DEFAULT '' COMMENT '手机号',
  `sex` tinyint(10) DEFAULT '0' COMMENT '性别 0 男  1 女',
  `createtime` datetime DEFAULT NULL COMMENT '创建时间',
  `money` varchar(255) DEFAULT '10000' COMMENT '钱',
  `integral` decimal(10,0) DEFAULT '0' COMMENT '积分',
  `image` text COMMENT '头像',
  PRIMARY KEY (`id`)
) ENGINE=InnoDB AUTO_INCREMENT=4 DEFAULT CHARSET=utf8;

-- ----------------------------
-- Records of modelusers
-- ----------------------------
INSERT INTO `modelusers` VALUES ('1', '15639762230', '0', '2020-02-22 18:29:48', '9406.37', '394', 'http://public.nodebook.top/fd123a3921e910809fba9da0101bf8f6.jpg');
INSERT INTO `modelusers` VALUES ('2', '17638828730', '0', '2020-02-22 19:02:07', '10000', '0', 'http://public.nodebook.top/fd123a3921e910809fba9da0101bf8f6.jpg');
INSERT INTO `modelusers` VALUES ('3', '15639672230', '0', '2020-02-28 15:47:28', '10000', '0', 'http://public.nodebook.top/fd123a3921e910809fba9da0101bf8f6.jpg');

-- ----------------------------
-- Table structure for orders
-- ----------------------------
DROP TABLE IF EXISTS `orders`;
CREATE TABLE `orders` (
  `id` int(10) unsigned NOT NULL AUTO_INCREMENT,
  `nickname` varchar(255) DEFAULT NULL COMMENT '用户名',
  `tel` varchar(255) DEFAULT NULL COMMENT '电话号码',
  `order_number` varchar(255) DEFAULT NULL COMMENT '订单编号',
  `arrdess` varchar(255) DEFAULT NULL COMMENT '收货地址',
  `remark` varchar(255) DEFAULT NULL COMMENT '备注',
  `status` int(10) DEFAULT NULL COMMENT '订单状态 1 生成订单 2 待发货 3 待收货 4 完成  5 仅退款 6 退货/退款',
  `list` text COMMENT '订单详情',
  `express_code` varchar(255) DEFAULT NULL COMMENT '快递单号',
  `express` int(10) DEFAULT NULL COMMENT '快递公司  1 自营快递',
  `return_order` int(10) DEFAULT NULL COMMENT ' 退货状态 1:发起请求  2:初步同意 3:确认订单 4:财务审核 5: 完成 6:拒绝',
  `price` decimal(10,2) DEFAULT NULL COMMENT '订单总价格',
  `return_price` decimal(10,2) DEFAULT NULL COMMENT '退款金额',
  PRIMARY KEY (`id`)
) ENGINE=InnoDB DEFAULT CHARSET=utf8;

-- ----------------------------
-- Records of orders
-- ----------------------------

-- ----------------------------
-- Table structure for sort
-- ----------------------------
DROP TABLE IF EXISTS `sort`;
CREATE TABLE `sort` (
  `id` int(10) unsigned NOT NULL AUTO_INCREMENT,
  `name` varchar(255) DEFAULT NULL COMMENT '分类名称',
  `image` varchar(255) DEFAULT NULL COMMENT '分类头像',
  `shows` tinyint(10) DEFAULT NULL COMMENT '1: 显示 0: 不显示',
  `userid` int(10) DEFAULT NULL COMMENT '操作人用户ID',
  `updatatime` timestamp NOT NULL DEFAULT CURRENT_TIMESTAMP ON UPDATE CURRENT_TIMESTAMP COMMENT '修改时间',
  `removes` tinyint(10) DEFAULT '1' COMMENT '1:正常 0:已删除',
  `createtime` datetime DEFAULT NULL COMMENT '创建时间',
  `one_sort` tinyint(10) DEFAULT '0' COMMENT '0 不显示在首页 1 显示在首页',
  PRIMARY KEY (`id`)
) ENGINE=InnoDB AUTO_INCREMENT=24 DEFAULT CHARSET=utf8;

-- ----------------------------
-- Records of sort
-- ----------------------------
INSERT INTO `sort` VALUES ('11', '安心蔬菜', '[{\"url\":\"http://img.nodebook.top/2020_01_06_02_26_4270636image/jpeg\",\"name\":\"24b64f2ee26aa4d5.jpg\",\"uid\":\"rc-upload-1578291992395-2\",\"status\":\"done\"}]', '0', '15', '2020-01-06 15:01:24', '0', null, '0');
INSERT INTO `sort` VALUES ('12', '豆制品', '[{\"url\":\"http://img.nodebook.top/2020_01_06_03_16_1166096image/jpeg\",\"name\":\"30.jpg\",\"uid\":\"rc-upload-1578294677619-4\",\"status\":\"done\"}]', '0', '15', '2020-01-06 15:16:13', '0', null, '0');
INSERT INTO `sort` VALUES ('13', '新鲜水果', '[{\"url\":\"http://img.nodebook.top/2020_02_27_03_30_5769262image/jpeg\",\"name\":\"febc9219e5f061561980283162.jpg\",\"uid\":\"rc-upload-1582788573144-5\",\"status\":\"done\"}]', '1', '15', '2020-02-27 15:31:00', '1', null, '1');
INSERT INTO `sort` VALUES ('14', '新鲜水果', '[{\"url\":\"http://img.nodebook.top/2020_01_06_03_40_4669930image/jpeg\",\"name\":\"5a458d8c7984daa8.jpg\",\"uid\":\"rc-upload-1578294677619-7\",\"status\":\"done\"}]', '0', '15', '2020-01-08 14:09:54', '0', null, '0');
INSERT INTO `sort` VALUES ('15', '安心蔬菜', '[{\"url\":\"http://img.nodebook.top/2020_02_27_03_31_2078743image/jpeg\",\"name\":\"faed0c89b1ac61561979943620.jpg\",\"uid\":\"rc-upload-1582788573144-8\",\"status\":\"done\"}]', '1', '15', '2020-02-27 15:32:10', '1', null, '1');
INSERT INTO `sort` VALUES ('16', '肉禽蛋', '[{\"url\":\"http://img.nodebook.top/2020_02_27_03_31_4831418image/jpeg\",\"name\":\"57742da7f00ab1562725189267.jpg\",\"uid\":\"rc-upload-1582788573144-11\",\"status\":\"done\"}]', '1', '15', '2020-02-27 15:32:11', '1', null, '1');
INSERT INTO `sort` VALUES ('17', '海鲜水产', '[{\"url\":\"http://img.nodebook.top/2020_02_27_03_32_0383172image/jpeg\",\"name\":\"3f96191b097cd1562204510108.jpg\",\"uid\":\"rc-upload-1582788573144-14\",\"status\":\"done\"}]', '1', '15', '2020-02-27 15:32:12', '1', '2020-01-07 14:59:25', '1');
INSERT INTO `sort` VALUES ('18', '营养早餐', '[{\"url\":\"http://img.nodebook.top/2020_02_27_03_32_2430524image/jpeg\",\"name\":\"baf53e7d1e9ce1561980371874.jpg\",\"uid\":\"rc-upload-1582788573144-17\",\"status\":\"done\"}]', '1', '15', '2020-02-27 15:32:44', '1', '2020-01-07 17:21:55', '1');
INSERT INTO `sort` VALUES ('19', '豆制品', '[{\"url\":\"http://img.nodebook.top/2020_02_27_03_33_1476166image/jpeg\",\"name\":\"a79822f496ec71561980537120.jpg\",\"uid\":\"rc-upload-1582788573144-20\",\"status\":\"done\"}]', '1', '15', '2020-02-27 15:34:24', '1', '2020-02-27 15:33:16', '1');
INSERT INTO `sort` VALUES ('20', '叮咚心选', '[{\"url\":\"http://img.nodebook.top/2020_02_27_03_33_4351303image/jpeg\",\"name\":\"cc39ecee3cee51564386403745.jpg\",\"uid\":\"rc-upload-1582788573144-22\",\"status\":\"done\"}]', '1', '15', '2020-02-27 15:34:24', '1', '2020-02-27 15:33:46', '1');
INSERT INTO `sort` VALUES ('21', '米面粮油', '[{\"url\":\"http://img.nodebook.top/2020_02_27_03_34_0482623image/jpeg\",\"name\":\"67260446df1451561980456552.jpg\",\"uid\":\"rc-upload-1582788573144-24\",\"status\":\"done\"}]', '1', '15', '2020-02-27 15:34:25', '1', '2020-02-27 15:34:06', '1');
INSERT INTO `sort` VALUES ('22', '调味品', '[{\"url\":\"http://img.nodebook.top/2020_02_27_03_34_1845766image/jpeg\",\"name\":\"17964fae5012d1561980650167.jpg\",\"uid\":\"rc-upload-1582788573144-26\",\"status\":\"done\"}]', '1', '15', '2020-02-27 15:34:26', '1', '2020-02-27 15:34:20', '1');
INSERT INTO `sort` VALUES ('23', '乳品烘培', '[{\"url\":\"http://img.nodebook.top/2020_02_27_03_35_0513968image/jpeg\",\"name\":\"a19a8501bf4041561980956934.jpg\",\"uid\":\"rc-upload-1582788573144-29\",\"status\":\"done\"}]', '1', '15', '2020-02-27 15:35:09', '1', '2020-02-27 15:35:07', '1');

-- ----------------------------
-- Table structure for swipers
-- ----------------------------
DROP TABLE IF EXISTS `swipers`;
CREATE TABLE `swipers` (
  `id` int(10) unsigned NOT NULL AUTO_INCREMENT,
  `remark` varchar(255) DEFAULT NULL COMMENT '备注',
  `carousel` text COMMENT '轮播图',
  `types` int(10) DEFAULT NULL COMMENT '1 跳转商品  2 跳转外部链接',
  `external` text COMMENT '外部链接',
  `good_id` int(10) DEFAULT NULL COMMENT '商品ID',
  `shows` tinyint(10) DEFAULT '1' COMMENT '1 上线 0 下线',
  `user_id` int(10) DEFAULT NULL COMMENT '操作人ID',
  `create_time` datetime DEFAULT NULL COMMENT '创建时间',
  `updata_time` timestamp NOT NULL DEFAULT CURRENT_TIMESTAMP ON UPDATE CURRENT_TIMESTAMP COMMENT '更新时间',
  `removes` tinyint(10) DEFAULT '1' COMMENT '0 删除 1 正常',
  PRIMARY KEY (`id`)
) ENGINE=InnoDB AUTO_INCREMENT=11 DEFAULT CHARSET=utf8;

-- ----------------------------
-- Records of swipers
-- ----------------------------
INSERT INTO `swipers` VALUES ('2', '图2', '[{\"url\":\"http://img.nodebook.top/2020_02_27_06_23_1673065image/jpeg\",\"name\":\"0ec4a32cbd84b1575892960355.jpg\",\"uid\":\"rc-upload-1582798985339-2\",\"status\":\"done\"}]', '1', null, '2', '1', '15', '2020-01-08 17:59:10', '2020-02-27 18:23:19', '1');
INSERT INTO `swipers` VALUES ('6', '图3', '[{\"url\":\"http://img.nodebook.top/2020_02_27_06_23_3892637image/jpeg\",\"name\":\"1bb411f2cd09d1575815053778.jpg\",\"uid\":\"rc-upload-1582798985339-5\",\"status\":\"done\"}]', '1', null, '3', '1', '15', '2020-02-27 18:23:42', '2020-02-27 19:04:21', '1');
INSERT INTO `swipers` VALUES ('7', '图4', '[{\"url\":\"http://img.nodebook.top/2020_02_27_06_23_4833913image/jpeg\",\"name\":\"168bff87979f11575943593312.jpg\",\"uid\":\"rc-upload-1582798985339-7\",\"status\":\"done\"}]', '1', null, '4', '1', '15', '2020-02-27 18:23:52', '2020-02-27 19:04:23', '1');
INSERT INTO `swipers` VALUES ('8', '图5', '[{\"url\":\"http://img.nodebook.top/2020_02_27_06_23_5974437image/jpeg\",\"name\":\"b7efb94de888d1575820057576.jpg\",\"uid\":\"rc-upload-1582798985339-9\",\"status\":\"done\"}]', '1', null, '5', '1', '15', '2020-02-27 18:24:02', '2020-02-27 19:04:26', '1');
INSERT INTO `swipers` VALUES ('9', '图6', '[{\"url\":\"http://img.nodebook.top/2020_02_27_06_24_0996659image/jpeg\",\"name\":\"d3d83d40395221575808767181.jpg\",\"uid\":\"rc-upload-1582798985339-11\",\"status\":\"done\"}]', '1', null, '6', '1', '15', '2020-02-27 18:24:13', '2020-02-27 19:04:28', '1');
INSERT INTO `swipers` VALUES ('10', '图7', '[{\"url\":\"http://img.nodebook.top/2020_02_27_06_24_1987671image/jpeg\",\"name\":\"eb669d9799b8f1575907727553.jpg\",\"uid\":\"rc-upload-1582798985339-13\",\"status\":\"done\"}]', '1', null, '7', '1', '15', '2020-02-27 18:24:23', '2020-02-27 19:04:30', '1');

-- ----------------------------
-- Table structure for users
-- ----------------------------
DROP TABLE IF EXISTS `users`;
CREATE TABLE `users` (
  `id` int(10) unsigned NOT NULL AUTO_INCREMENT,
  `user` varchar(255) DEFAULT NULL COMMENT '用户名',
  `nickname` varchar(255) DEFAULT NULL COMMENT '昵称',
  `password` varchar(255) DEFAULT NULL COMMENT '密码',
  `avatar` varchar(255) DEFAULT NULL COMMENT '头像',
  `email` varchar(255) DEFAULT NULL COMMENT '邮箱',
  `introduction` varchar(255) DEFAULT NULL COMMENT '个人简介',
  `position` varchar(255) DEFAULT NULL COMMENT '职位',
  `address` varchar(255) DEFAULT NULL COMMENT '地址',
  `authorizes` varchar(255) DEFAULT NULL COMMENT '授权码',
  PRIMARY KEY (`id`)
) ENGINE=InnoDB AUTO_INCREMENT=16 DEFAULT CHARSET=utf8;

-- ----------------------------
-- Records of users
-- ----------------------------
INSERT INTO `users` VALUES ('14', '805696667', '超级管理员', '$2a$10$nczvcMwKim3MLaKn2ZXLSeHyIM3f1xYGt1z6Q38MMf4pYZhFpRWnu', null, null, null, null, null, null);
INSERT INTO `users` VALUES ('15', 'admin', '管理员', '$2a$10$Jw3tXyuaqB7fPauAkZWO0OQyZtaccdAF15k0dfAC.QnIxrdQ/IYMa', null, null, null, null, null, null);
